No,,Plnt,Loca,Description,Material,Material Description,BUn,Jumlah SAP,,Ceklis,Keterangan,Harga SAP
1,,E451,SR01,Main Store,1600014501,AMMONIUM CHLORIDE 25% N,KG,"518,668.50",,,,"1,382,251,552"
2,,E451,SR01,Main Store,1600006794,"FERT,STRAIGHT,MURIATE OF POTASH",KG,"210,499.25",,,,"1,054,643,163"
3,,E451,SR01,Main Store,1600005864,"FERTI,COMPOUND,NPK CCM 12:12:17:2+TE",KG,"114,774.19",,,,"567,214,047"
4,,E451,SR01,Main Store,1600002292,"FERT,STRAIGHT,EGYPTIAN ROCK PHOSPHATE",KG,"67,364.71",,,,"138,783,998"
5,,E451,SR01,Main Store,1600003751,"FERT,STRAIGHT,DOLOMITE",KG,"38,157",,,,"28,236,180"
6,,E451,SR01,Main Store,1600005862,"FERTI,COMPOUND,NPK CCM 14:13:9:2.5",KG,"20,462.88",,,,"96,296,560"
7,,E451,SR01,Main Store,1600002290,"FERT,STRAIGHT,KIESERITE (27% MGO)",KG,"20,375",,,,"71,618,125"
8,,E451,SR01,Main Store,1600003655,"GEN-ST,BAG,POLYBAG",KG,"7,031",,,,"148,143,170"
9,,E451,SR01,Main Store,1600000791,"FUEL,DIESOLINE",L,"4,661",,,,"80,616,868"
10,,E451,SR01,Main Store,1600002288,"FERT,STRAIGHT,BORATE 48 (48% B2O5)",KG,"4,497.04",,,,"51,715,960"
11,,E451,SR01,Main Store,1600009691,"HERBI,GLYPHOSATE, SUPREMO 480 AS",L,"3,692.88",,,,"116,325,720"
12,,E451,SR01,Main Store,1600012538,"INSECTICIDE,CAPTURE 50 EC CYPERMETRIN",L,"2,453.61",,,,"87,103,226"
13,,E451,SR01,Main Store,1600017956,"FERT,SOIL CONDITIONER,MIKORIZA,MYCOPALM",KG,698,,,,"9,319,838"
14,,E451,SR01,Main Store,1600014171,"INSECT,ASEFAT,MANTHANE 75 SP",KG,690,,,,"64,537,483"
15,,E451,SR01,Main Store,1600014381,"GEN-ST,BAG,POLYBAG B",KG,651,,,,"13,891,779"
16,,E451,SR01,Main Store,1600000674,"COVER CROP,SEEDS,CALAPOGONIUM MUCUNOIDES",KG,584.71,,,,"51,024,455"
17,,E451,SR01,Main Store,1600015271,"Herbi,Triclopyr,Centalon 480 EC",L,461.92,,,,"31,872,480"
18,,E451,SR01,Main Store,1600014749,RORED HDA MIN 140 GL- 5 (1 DR = 209 L),L,362,,,,"12,308,000"
19,,E451,SR01,Main Store,1600003656,"FOOD,STUFF,RICE",KG,312.72,,,,"4,398,312"
20,,E451,SR01,Main Store,1600014733,MEDITRAN S MIN 10W CF-2/SF (1 DRUM=209L),L,306,,,,"8,109,000"
21,,E451,SR01,Main Store,1600013994,"HERBI,METSULFURON-METHYL,KENLLY 20 WG",KG,298.637,,,,"20,451,030"
22,,E451,SR01,Main Store,1600014725,MEDITRAN SX MIN 15W-40 CH4 (1 DRUM=209L),L,271,,,,"7,723,500"
23,,E451,SR01,Main Store,1600003654,"GEN-ST,BAG,BABYBAG",KG,250,,,,"5,105,000"
24,,E451,SR01,Main Store,1600014724,MEDITRAN S.30 DR (1 DRUM=209 L),L,202,,,,"5,757,000"
25,,E451,SR01,Main Store,1600018695,"CONS-SUPPLIES,TELUR",PCS,185,,,,"416,25"
26,,E451,SR01,Main Store,1600004381,"INSECT,ALKYL POLIGLIKOL ETER,AGRISTICK",L,170.6,,,,"11,089,000"
27,,E451,SR01,Main Store,4400045952,"FLAP,TRUCK,750-16 MIX MAX TRACTION",PCS,169,,,,"6,765,621"
28,,E451,SR01,Main Store,1600014746,RORED EPA MIN 90 GL- 4 (1 DR = 209 L),L,133,,,,"4,189,500"
29,,E451,SR01,Main Store,4400003425,"MEC,GNRL M,HELM",PCS,131,,,,"6,552,522"
30,,E451,SR01,Main Store,4400000302,"MEC,GNRL M,SARUNG TANGAN KAIN",SET,127,,,,"584,2"
31,,E451,SR01,Main Store,1600015779,"CONS-SUPPLIES,SUSU KENTAL MANIS",CAN,92,,,,"1,196,000"
32,,E451,SR01,Main Store,1600013992,"HERBI,FLUOROXYPYR,KENRANE 288EC",L,87,,,,"8,091,000"
33,,E451,SR01,Main Store,4400000303,"MEC,GNRL M,SARUNG TANGAN KARET",SET,85,,,,"2,886,470"
34,,E451,SR01,Main Store,1600000675,"COVER CROP,SEEDS,PUERARIA JAVANICA",KG,79,,,,"47,242,000"
35,,E451,SR01,Main Store,1600014730,GEMUK PTM SGX-NL MIN NLGI 2DR(1DR=178KG),KG,73,,,,"3,796,000"
36,,E451,SR01,Main Store,4400000169,"MEC,GNRL M,KANTONG PLASTIK TEBAL 26,40CM",PCS,60,,,,"2,460,000"
37,,E451,SR01,Main Store,1600015615,"HARVT,SAFETY COVER CHISEL HARD COTTON",PCS,56,,,,"1,767,732"
38,,E451,SR01,Main Store,4400003783,"MITS,PS135,SEAL RODA BELAKANG DALAM",PCS,56,,,,"3,408,160"
39,,E451,SR01,Main Store,4400003782,"MITS,PS135,SEAL RODA BELAKANG LUAR",PCS,50,,,,"2,000,000"
40,,E451,SR01,Main Store,4400001285,"MEC,PIPE&FIT,SOCKET PVC 2""",PCS,49,,,,"1,298,147"
41,,E451,SR01,Main Store,1600016568,"GEN-ST,REFILL APAR POWDER 6 KG",UNI,48,,,,"11,520,000"
42,,E451,SR01,Main Store,4400000164,"MEC,GNRL M,KACA MATA PENGAMAN",PCS,48,,,,"1,237,993"
43,,E451,SR01,Main Store,4400019791,"MEC,GNRL M,APRON (PELINDUNG DADA)",PCS,48,,,,"2,614,702"
44,,E451,SR01,Main Store,4400050135,"MITS,PS125,BOLT RR WHEL HUB RH MK 526747",PCS,48,,,,"2,880,000"
45,,E451,SR01,Main Store,4400011658,"MITS,PS120,CUP RR BRAKE MB 060579",PCS,47,,,,"501,342"
46,,E451,SR01,Main Store,4400007345,"MITS,PS120,FUEL FILTER ME 035393",PCS,46,,,,"2,070,000"
47,,E451,SR01,Main Store,1600015610,"HARVT,SAFETY COVER RAZOR PLASTIK FIBER",PCS,45,,,,"1,422,448"
48,,E451,SR01,Main Store,4400000429,"MEC,BEARING,BEARING 30212",PCS,45,,,,"15,208,976"
49,,E451,SR01,Main Store,4400057905,"TUBE,L300,7.50-16 TR177A",PCS,45,,,,"8,740,170"
50,,E451,SR01,Main Store,4400050134,"MITS,PS125,BOLT RR WHEL HUB LH MK 526746",PCS,44,,,,"2,640,000"
51,,E451,SR01,Main Store,1600017230,"SAFETY,SAFETY BODY HARNESS",PCS,43,,,,"1,204,000"
52,,E451,SR01,Main Store,4400000428,"MEC,BEARING,BEARING 30211",PCS,42,,,,"12,180,137"
53,,E451,SR01,Main Store,4400001308,"MEC,PIPE&FIT,TEE SOCKET PVC 2""X3/4""",PCS,37,,,,"817,42"
54,,E451,SR01,Main Store,4400001231,"MEC,PIPE&FIT,PIPA PVC 2""",PCS,32,,,,"4,800,000"
55,,E451,SR01,Main Store,4400003096,"MITS,PS120,OIL FILTER ME 006066",PCS,31,,,,"2,565,249"
56,,E451,SR01,Main Store,4400001306,"MEC,PIPE&FIT,TEE SOCKET PVC 2""X2""",PCS,30,,,,"1,324,428"
57,,E451,SR01,Main Store,4400018892,"MITS,PS120,CABLE PTO PS 120",PCS,30,,,,"2,917,742"
58,,E451,SR01,Main Store,4400034711,"MITS,PS125,END ASSY TIE ROD LH MK 997508",PCS,30,,,,"7,500,000"
59,,E451,SR01,Main Store,4400003266,"MITS,PS120,CENTER BOLT SUSP SPRING750042",PCS,29,,,,"324,179"
60,,E451,SR01,Main Store,4400001185,"MEC,PIPE&FIT,END CAP PVC 2""",PCS,28,,,,560
61,,E451,SR01,Main Store,1600003148,"SAFETY,SAFETY SHOES",PAA,27,,,,"6,893,967"
62,,E451,SR01,Main Store,4400013629,"MITS,PS120,CENTER BOLT RR SUSP MS 75009",PCS,27,,,,945
63,,E451,SR01,Main Store,1600014970,"GEN-ST,GARD-TOOLS,TOPI NIPPON/JEPANG",PCS,26,,,,650
64,,E451,SR01,Main Store,4400007269,"FORD,6640,FILTER ELEMENT 82011402",PCS,26,,,,"3,380,000"
65,,E451,SR01,Main Store,4400045911,"TYRE,TRUCK,750-16 MIX MAX TRACTION",PCS,26,,,,"45,469,377"
66,,E451,SR01,Main Store,1600015597,"GANCU MSN  14""-12MM GAGANG MODEL T",PCS,25,,,,"877,738"
67,,E451,SR01,Main Store,4400005249,"MEC,HOSE,HOSE HYDRAULIC 0.5""",PCS,25,,,,"4,087,500"
68,,E451,SR01,Main Store,4400014837,"MEC,GNRL M,SUMI SHOWER",PCS,25,,,,"5,844,862"
69,,E451,SR01,Main Store,4400032532,"FORD,TD95D,FUEL FILTER 47135706",PCS,25,,,,"4,269,718"
70,,E451,SR01,Main Store,4400005929,"FORD,6640,ELEMENT FILTER 87800200",PCS,24,,,,"4,063,035"
71,,E451,SR01,Main Store,4400013200,"MITS,PS120,UNIVERSAL JOINT MC 834856",PCS,24,,,,"4,235,419"
72,,E451,SR01,Main Store,1600009766,"FUNGI,MANCOZEB,COZEB 80 WP",L,23.7,,,,"1,611,600"
73,,E451,SR01,Main Store,4400015372,"MITS,PS120,BEARING CENTER MB 000073",PCS,23,,,,"4,446,744"
74,,E451,SR01,Main Store,1600016979,"HARVT,POLE,SIME GOLD POLE 38MMX6M",PCS,21,,,,"10,657,500"
75,,E451,SR01,Main Store,1600003529,"SPRAY,S-FOG,ROUND GASKET AN-3 FIG.349",UNI,20,,,,"100,914"
76,,E451,SR01,Main Store,1600003532,"SPRAY,S-FOG,ROUND GASKET AN-8 FIG.101",UNI,20,,,,"104,6"
77,,E451,SR01,Main Store,4400000907,"MEC,FLTR,ELMNT FUEL FILTER 26561117/3024",PCS,20,,,,"728,571"
78,,E451,SR01,Main Store,4400001288,"MEC,PIPE&FIT,SOCKET PVC 3/4""",PCS,20,,,,"176,55"
79,,E451,SR01,Main Store,4400043281,"INTER,CHAMBER LUBRICAN PAD (366)",PCS,20,,,,804
80,,E451,SR01,Main Store,1600014214,"GEN-ST,HARVT TOOLS,WHEEL BARROW ARTCO",PCS,19,,,,"11,400,000"
81,,E451,SR01,Main Store,1600015609,"HARVT,SAFETY COVER RAZOR HARD COTTON",PCS,19,,,,"516,79"
82,,E451,SR01,Main Store,4400003161,"MITS,PS120,PIN SPRING",PCS,19,,,,665
83,,E451,SR01,Main Store,4400057975,"TYRE,TRUCK,750-16 SUPER 88",PCS,19,,,,"27,823,600"
84,,E451,SR01,Main Store,1600014887,"HERBI,GLUFOSINATE-AMM LIFELINE 280 SL",L,18.57,,,,"3,533,080"
85,,E451,SR01,Main Store,4400000878,"MEC,FLTR,AIR CLEANER 17801-87304-001",PCS,18,,,,"2,176,659"
86,,E451,SR01,Main Store,4400003074,"MEC,GNRL M,NOZZLE",PCS,18,,,,"3,766,492"
87,,E451,SR01,Main Store,4400003641,"MITS,PS120,LEAF SPRING RR NO 6",PCS,18,,,,"4,897,107"
88,,E451,SR01,Main Store,4400003620,"MITS,PS120,LEAF SPRING RR NO 7",PCS,16,,,,"3,081,080"
89,,E451,SR01,Main Store,4400003689,"MITS,PS120,LEAF SPRING RR NO 9",PCS,16,,,,"1,416,000"
90,,E451,SR01,Main Store,1600004793,"SPRAY,S-FOG,HOSE NUT .291",UNI,15,,,,"181,5"
91,,E451,SR01,Main Store,4400001945,"MITS,PS100,BOOT RR BRAKE WHEEL MC 112207",PCS,15,,,,"67,5"
92,,E451,SR01,Main Store,4400003626,"MITS,PS120,LEAF SPRING RR NO 8",PCS,15,,,,"2,150,089"
93,,E451,SR01,Main Store,4400013067,"MITS,PS120,ELEMENT AIR CLEANER MB 120180",PCS,15,,,,"2,550,000"
94,,E451,SR01,Main Store,4400044179,"MEC,BALL BEARING 6206",PCS,15,,,,627
95,,E451,SR01,Main Store,1600002295,"FUNGI,PROPINEB,ANTRACOL 80%",KG,14.99,,,,"2,428,380"
96,,E451,SR01,Main Store,4400003113,"MITS,PS120,PIN RR SPRING MB 035277",PCS,14,,,,"531,186"
97,,E451,SR01,Main Store,1600003495,"SPRAY,S-FOG,COMPLETE HOSE FIG.703",UNI,13,,,,"1,527,500"
98,,E451,SR01,Main Store,4400011729,"MITS,PS120,U BOLT FR MT 160645",PCS,13,,,,520
99,,E451,SR01,Main Store,4400013627,"MITS,PS120,U BOLT RR SUSPSPRNG MH 002476",PCS,13,,,,"1,105,000"
100,,E451,SR01,Main Store,4400045793,"TYRE,TRAKTOR,13.6-28 CANGKUL",PCS,13,,,,"54,743,000"
101,,E451,SR01,Main Store,4400049489,"MEC,TYRES,TUBE 14.9-28",PCS,13,,,,"8,357,073"
102,,E451,SR01,Main Store,4400001157,"MEC,PIPE&FIT,ELBOW PVC 2""",PCS,12,,,,420
103,,E451,SR01,Main Store,4400002951,"FORD,558D,HOSE BUCKET CYL F1NN-B105-AA",PCS,12,,,,"1,116,000"
104,,E451,SR01,Main Store,4400011852,"MITS,PS120,BUMPER FR MB 097235",PCS,12,,,,"1,140,000"
105,,E451,SR01,Main Store,4400013883,"JEEP,TAFT,FUEL FILTER 23303-87308-000",PCS,12,,,,"741,921"
106,,E451,SR01,Main Store,4400044183,"MEC,BALL BEARING 6208",PCS,12,,,,834
107,,E451,SR01,Main Store,4400052307,"TYRE,265/70-16 PSR D697",PCS,12,,,,"19,987,360"
108,,E451,SR01,Main Store,1600004358,"HERBI,DIURON,KARMEX 80 WP",L,11,,,,"1,705,000"
109,,E451,SR01,Main Store,1600016978,"HARVT,POLE,SIME GOLD POLE 32MMX6M",PCS,11,,,,"4,851,000"
110,,E451,SR01,Main Store,4400008154,"KOM,GD510R,SHIM ASSY 233-70-00120",PCS,11,,,,"3,758,333"
111,,E451,SR01,Main Store,4400009059,"FORD,558D,OIL FILTER ASSY E0NN-6714-AA",PCS,11,,,,"1,898,849"
112,,E451,SR01,Main Store,4400011704,"MITS,PS120,HOUSING ASSY RRAXLE MB 864532",PCS,11,,,,"8,741,181"
113,,E451,SR01,Main Store,4400028984,"MITS,PS125,ELEMENT WTR SPRTR ME 121653",PCS,11,,,,385
114,,E451,SR01,Main Store,4400045800,"TUBE,TRACTOR,13.6-28",PCS,11,,,,"7,122,971"
115,,E451,SR01,Main Store,4400000060,"MEC,GNRL M,CAT AIR",KG,10,,,,900
116,,E451,SR01,Main Store,4400000207,"MEC,GNRL M,MASKER",PCS,10,,,,"270,576"
117,,E451,SR01,Main Store,4400000800,"MEC,VLV,BALL VALVE PVC 2""",PCS,10,,,,"591,063"
118,,E451,SR01,Main Store,4400001069,"MEC,HOSE,HOSE PNEUMATIC 3/8""",M,10,,,,"2,550,000"
119,,E451,SR01,Main Store,4400001159,"MEC,PIPE&FIT,ELBOW PVC 3""",PCS,10,,,,"1,000,000"
120,,E451,SR01,Main Store,4400002066,"MITS,PS120,SHACKLE SUSP FRSPRNG MC110330",PCS,10,,,,"1,100,000"
121,,E451,SR01,Main Store,4400007196,"FORD,6640,HOSE 1863047",PCS,10,,,,"2,890,000"
122,,E451,SR01,Main Store,4400044181,"MEC,BALL BEARING 6207",PCS,10,,,,527
123,,E451,SR01,Main Store,4400054719,"MITS,PS120,MK 712523 KING PIN KIT",PCS,10,,,,"4,250,000"
124,,E451,SR01,Main Store,4400056950,"MEC,HOSE,HOSE ASSY 3/8 R2 720 CM",PCS,10,,,,"5,250,000"
125,,E451,SR01,Main Store,4400000011,"MEC,FLTR,FUEL FILTER 5018",PCS,9,,,,585
126,,E451,SR01,Main Store,4400001057,"MEC,HOSE,HOSE 0.5""",M,9,,,,"2,250,000"
127,,E451,SR01,Main Store,4400001951,"MITS,PS100,ELEMENT WATER SEPRTR ME046010",PCS,9,,,,"355,909"
128,,E451,SR01,Main Store,4400003640,"MITS,PS120,LEAF SPRING RR NO 5",PCS,9,,,,"2,540,375"
129,,E451,SR01,Main Store,4400011580,"MITS,PS120.CSHION RADIATOR SPRT MB007930",PCS,9,,,,"617,824"
130,,E451,SR01,Main Store,4400056946,"MEC,HOSE,HOSE ASSY 3/8 R2 350 CM L",PCS,9,,,,"2,592,000"
131,,E451,SR01,Main Store,4400000015,"MEC,GNRL M,AIR ACCU ZUUR",L,8,,,,"1,004,175"
132,,E451,SR01,Main Store,4400001671,"JEEP,TAFT,OIL FILTER 15601-87309",PCS,8,,,,"430,484"
133,,E451,SR01,Main Store,4400002067,"MITS,PS120,SHACKLE SUSP RRSPRNG MB035279",PCS,8,,,,"3,508,364"
134,,E451,SR01,Main Store,4400003099,"MITS,PS120,LEAF SPRING  NO.5",PCS,8,,,,"1,097,716"
135,,E451,SR01,Main Store,4400006135,"FORD,6640,ELEMENT ASSY 87840509",PCS,8,,,,"2,640,000"
136,,E451,SR01,Main Store,4400036330,"MITS,PS125,ME 507832 CYL KIT CLTH MASTR",SET,8,,,,"1,400,000"
137,,E451,SR01,Main Store,4400045577,"TUBE,TRACTOR,13.00-24",PCS,8,,,,"4,784,000"
138,,E451,SR01,Main Store,4400045582,"TUBE,TRACTOR,16.9-28",PCS,8,,,,"5,426,666"
139,,E451,SR01,Main Store,4400045797,"TYRE,TRAKTOR,9.5-16 CANGKUL",PCS,8,,,,"18,000,000"
140,,E451,SR01,Main Store,4400045802,"TUBE,TRACTOR,9.5-16",PCS,8,,,,"1,712,615"
141,,E451,SR01,Main Store,4400053629,"MITS,PS125,LINING KIT MK 449267",PCS,8,,,,"1,720,000"
142,,E451,SR01,Main Store,4400000004,"MEC,ACCU,BATTERY 12V N  50AH GS",PCS,7,,,,"6,300,000"
143,,E451,SR01,Main Store,4400002015,"MITS,PS120,CYL ASSY CLCH MSTR MB334438",PCS,7,,,,"1,645,000"
144,,E451,SR01,Main Store,4400004285,"MITS,PS120,LEAF SPRING FR NO 6",PCS,7,,,,"521,769"
145,,E451,SR01,Main Store,4400012207,"MITS,PS120,TIE ROD ASSY LH/RH MW 033300",PCS,7,,,,"2,065,000"
146,,E451,SR01,Main Store,4400012847,"MITS,PS120,LEAF FR SPRING NO.1 48101-253",PCS,7,,,,"3,614,215"
147,,E451,SR01,Main Store,4400028979,"MITS,PS125,HUB RR WHEEL MK 503561",PCS,7,,,,"5,468,750"
148,,E451,SR01,Main Store,4400050158,"MEC,TYRES,TIRE 14.9-28",PCS,7,,,,"33,663,000"
149,,E451,SR01,Main Store,4400000068,"MEC,GNRL M,CAT MINYAK",KG,6,,,,"524,433"
150,,E451,SR01,Main Store,4400003616,"MITS,PS120,LEAF SPRING FR NO 3",PCS,6,,,,"1,548,000"
151,,E451,SR01,Main Store,4400003617,"MITS,PS120,LEAF SPRING FR NO 4",PCS,6,,,,"1,116,000"
152,,E451,SR01,Main Store,4400006979,"FORD,6640,RIM ASSY 82003921",PCS,6,,,,"22,209,000"
153,,E451,SR01,Main Store,4400012850,"MITS,PS120,LEAF RR SPRING NO.2 48202-255",PCS,6,,,,"2,190,000"
154,,E451,SR01,Main Store,4400013033,"MITS,PS120,KING PEN TRUST WSHR MB 025388",PCS,6,,,,"2,700,000"
155,,E451,SR01,Main Store,4400013231,"MITS,PS120,LEAF RR SUSP SPRING MB 035146",PCS,6,,,,"1,860,000"
156,,E451,SR01,Main Store,4400013617,"MITS,PS120,CYL ASSY BRAKE MSTR MC 82100",PCS,6,,,,"4,050,000"
157,,E451,SR01,Main Store,4400040993,"MITS,PS125,DRUM BRAKE MK 428025",PCS,6,,,,"5,100,000"
158,,E451,SR01,Main Store,4400045621,"FLAP,TRACTOR,13.00-24",PCS,6,,,,"2,250,000"
159,,E451,SR01,Main Store,1600003649,"GEN-ST,W-MTRL,BATU GERINDA 14""",PCS,5,,,,"308,333"
160,,E451,SR01,Main Store,1600004828,"SPRAY,S-FOG,VLV BLACK CONE NOZZLE",UNI,5,,,,"347,5"
161,,E451,SR01,Main Store,1600015638,"HARVT,AXE MSN 5"" + FLAT HANDLE",PCS,5,,,,"496,696"
162,,E451,SR01,Main Store,4400000123,"MEC,GNRL M,FILTER ELEMENT 0060R10BN3HC",PCS,5,,,,700
163,,E451,SR01,Main Store,4400002042,"MITS,PS120,LEAF FR SPRNGSUS NO2 MB294215",PCS,5,,,,"1,600,000"
164,,E451,SR01,Main Store,4400003793,"MEC,HOSE,HOSE HYDRANT",ROL,5,,,,"1,000,000"
165,,E451,SR01,Main Store,4400003896,"MEC,ACCU,BATTERY  65A",PCS,5,,,,"6,000,000"
166,,E451,SR01,Main Store,4400005348,"FORD,6640,SOLENOID D7NN-11390-B",PCS,5,,,,"1,475,000"
167,,E451,SR01,Main Store,4400006407,"FORD,6640,ELEMENT OUTER 1863008",PCS,5,,,,"1,200,000"
168,,E451,SR01,Main Store,4400007270,"FORD,6640,FILTER ELEMENT 82008607",PCS,5,,,,"2,175,000"
169,,E451,SR01,Main Store,4400018882,"MITS,PS120,CNTR BEARING PROP SHAFT MC 8",PCS,5,,,,825
170,,E451,SR01,Main Store,4400026997,"MITS,PS120,OIL FILTER ME 014837",PCS,5,,,,"663,689"
171,,E451,SR01,Main Store,4400028991,"FORD,TD95D,OIL FILTER 47135703",PCS,5,,,,"1,315,500"
172,,E451,SR01,Main Store,4400031027,"HINO,FF172, SEAL OIL 9828-80120",PCS,5,,,,"183,333"
173,,E451,SR01,Main Store,4400032990,"MEC,BEARING,ROLLER BEARING N215",PCS,5,,,,"15,500,000"
174,,E451,SR01,Main Store,4400055343,"MEC,HOSE,HOSE ASSY 3/8"" R2 430 CM",PCS,5,,,,"1,710,000"
175,,E451,SR01,Main Store,1600016856,"SPRAY,OSATU,ROUND GASKET AN-8V 614-E",PAC,4,,,,"561,6"
176,,E451,SR01,Main Store,4400000108,"MEC,GNRL M,EAR PLUG",PCS,4,,,,"157,407"
177,,E451,SR01,Main Store,4400000910,"MEC,FLTR,ELMNT OIL FILTER ME 014833",PCS,4,,,,300
178,,E451,SR01,Main Store,4400000981,"MEC,BOLT&NUT,BOLT&NUT M17",PCS,4,,,,28
179,,E451,SR01,Main Store,4400002043,"MITS,PS120,LEAF FR SUSP SPRING MC 096602",PCS,4,,,,"1,503,198"
180,,E451,SR01,Main Store,4400002440,"FORD,6640,FUEL FILTER F5ONN-9176-BA",PCS,4,,,,356
181,,E451,SR01,Main Store,4400002492,"FORD,6640,RIM ASSY E6NN-1020-BA",PCS,4,,,,"29,808,800"
182,,E451,SR01,Main Store,4400002561,"FORD,6640,YOKE 82014398",PCS,4,,,,"4,192,400"
183,,E451,SR01,Main Store,4400003360,"MEC,PIPE&FIT,SOCKET PVC  6""",PCS,4,,,,500
184,,E451,SR01,Main Store,4400004973,"FORD,6640,OIL FILTER F2NN-6717-AA",PCS,4,,,,"551,946"
185,,E451,SR01,Main Store,4400006160,"FORD,6640,GEAR BEVEL CAR 65598",SET,4,,,,"23,133,334"
186,,E451,SR01,Main Store,4400006405,"FORD,6640,RIM ASSY E6NN-1020-CA",PCS,4,,,,"12,750,000"
187,,E451,SR01,Main Store,4400006912,"FORD,6640,SEAT ASSY 83985868",PCS,4,,,,"23,536,000"
188,,E451,SR01,Main Store,4400007929,"KOM,GD510R,GUIDE 23A-70-11130",PCS,4,,,,"2,211,111"
189,,E451,SR01,Main Store,4400008468,"KOM,GD510R,CYLINDER ASSY 232-32-56300",SET,4,,,,"5,440,000"
190,,E451,SR01,Main Store,4400012154,"MITS,PS120,NOZZLE WINSHLD WSHR MB 260340",PCS,4,,,,"1,300,000"
191,,E451,SR01,Main Store,4400019262,"LND,LANDINI,KIT ( FUEL FILTER ) 26560201",PCS,4,,,,"1,008,014"
192,,E451,SR01,Main Store,4400025286,"KUB,B700,ELEMENT AIR FILTER 366-06227",PCS,4,,,,"3,260,000"
193,,E451,SR01,Main Store,4400032566,"MEC,GNRL M,HOOK SPARNER 69696",PCS,4,,,,"8,000,000"
194,,E451,SR01,Main Store,4400045360,"TYRE,TRACTOR,13.00-24",PCS,4,,,,"21,984,000"
195,,E451,SR01,Main Store,4400045372,"TYRE,TRUCK,700-15",PCS,4,,,,"3,868,000"
196,,E451,SR01,Main Store,4400045576,"TUBE,TRACTOR,12.4-24",PCS,4,,,,"1,360,000"
197,,E451,SR01,Main Store,4400045585,"TUBE,TRACTOR,18.4-30",PCS,4,,,,"2,172,000"
198,,E451,SR01,Main Store,4400049488,"MEC,TYRES,TUBE 8.3-24",PCS,4,,,,"1,240,000"
199,,E451,SR01,Main Store,4400052305,"TYRE,265/65-17 PSR D674",PCS,4,,,,"8,913,920"
200,,E451,SR01,Main Store,4400052483,"KUB,MX5100,BALL BEARING 0810106208",PCS,4,,,,"1,133,200"
201,,E451,SR01,Main Store,4400058420,"MEC,HOSE,HOSE ASSY 1/2 R2 300 CM",PCS,4,,,,"1,156,000"
202,,E451,SR01,Main Store,4400059438,"KOM,GD511A-1,CHAIN ASSY 23A-23-11-500",PCS,4,,,,"10,600,000"
203,,E451,SR01,Main Store,1600012173,"SAFETY, SEPATU KULIT MODEL BOOT",EA,3,,,,"907,176"
204,,E451,SR01,Main Store,4400000837,"MEC,VLV,VALVE 0.5""",PCS,3,,,,"7,500,000"
205,,E451,SR01,Main Store,4400002022,"MITS,PS120,ELEMENT FUEL FILTER ME 006066",PCS,3,,,,"176,299"
206,,E451,SR01,Main Store,4400002931,"FORD,558D,YOKE E0NN-A918-AA",PCS,3,,,,"3,144,300"
207,,E451,SR01,Main Store,4400003330,"MEC,ACCU,BATTERY 12V 100AH GS",PCS,3,,,,"5,100,000"
208,,E451,SR01,Main Store,4400003614,"MITS,PS120,LEAF SPRING RR NO 4",PCS,3,,,,930
209,,E451,SR01,Main Store,4400003822,"MITS,PS120,SHAFT AXLE 42311-3550",PCS,3,,,,"3,171,429"
210,,E451,SR01,Main Store,4400005391,"FORD,6640,5177708 SEAL",PCS,3,,,,"780,857"
211,,E451,SR01,Main Store,4400005890,"FORD,6640,DRAW BAR B0NN-805-AC",PCS,3,,,,"5,735,136"
212,,E451,SR01,Main Store,4400007331,"FORD,6640,RIM DW 82013156",PCS,3,,,,"18,271,800"
213,,E451,SR01,Main Store,4400008132,"KOM,GD510R,LOCK 232-70-54470",PCS,3,,,,300
214,,E451,SR01,Main Store,4400013178,"MITS,PS120,YOKE FLANGE PROPSHFT MB293352",PCS,3,,,,"685,648"
215,,E451,SR01,Main Store,4400018874,"MITS,PS120,LEAF RR HLPR SPRING 482661830",PCS,3,,,,"577,5"
216,,E451,SR01,Main Store,4400027048,"MITS,PS120,PIN FR SPRING MB 025177",PCS,3,,,,"119,531"
217,,E451,SR01,Main Store,4400051818,"KUB,MX5100,GEAR BEVEL 3A022-43520",PCS,3,,,,"35,455,200"
218,,E451,SR01,Main Store,1600005491,"COVER CROP,SEEDS,RHIZOBIUM COMPOST",KG,2.638,,,,"461,561"
219,,E451,SR01,Main Store,1600015056,"GEN-ST,MW-TOOLS,APAR POWDER 3 KG",UNI,2,,,,240
220,,E451,SR01,Main Store,4400000370,"MEC,GNRL M,WASHER PLAIN 9260A-20400",PCS,2,,,,18
221,,E451,SR01,Main Store,4400000923,"MEC,FLTR,FUEL FILTER MB 220900",PCS,2,,,,"138,949"
222,,E451,SR01,Main Store,4400002563,"FORD,6640,YOKE ASSY E9NN-4851-AA",PCS,2,,,,"2,200,000"
223,,E451,SR01,Main Store,4400003666,"MITS,PS120,BOLT MB 308935",PCS,2,,,,"13,778"
224,,E451,SR01,Main Store,4400004148,"MITS,PS120,MB 293010  YOKE PRPELER SHAFT",PCS,2,,,,"596,667"
225,,E451,SR01,Main Store,4400005476,"FORD,6640,DRAW BAR E3NN-805-AA",PCS,2,,,,"5,653,153"
226,,E451,SR01,Main Store,4400006020,"FORD,6640,DRAW BAR D2NN-805-A",PCS,2,,,,"5,018,018"
227,,E451,SR01,Main Store,4400006434,"FORD,6640,NUT RR WHEEL HUB MF 430124",PCS,2,,,,170
228,,E451,SR01,Main Store,4400006637,"FORD,6640,DRAW BAR E0NN-805-AC",PCS,2,,,,"4,897,298"
229,,E451,SR01,Main Store,4400007162,"FORD,6640,SPINDEL 81411367 / E1ADDN 7565",PCS,2,,,,"1,700,000"
230,,E451,SR01,Main Store,4400007977,"KOM,GD510R,LOCK RING 234-30-11330",PCS,2,,,,"4,366,667"
231,,E451,SR01,Main Store,4400008923,"FORD,558D,KIT SEAL 83971962",SET,2,,,,"6,880,000"
232,,E451,SR01,Main Store,4400009206,"FORD,558D,KIT SEAL 83962835",PCS,2,,,,"11,140,000"
233,,E451,SR01,Main Store,4400013828,"MEC,FLTR,OIL FILTER 1305",PCS,2,,,,"577,333"
234,,E451,SR01,Main Store,4400027087,"MITS,PS120,BRACKET RR SPRING MC 114412",PCS,2,,,,"1,790,000"
235,,E451,SR01,Main Store,4400028994,"FORD,TD95D,FILTER ELEMENT OUT 47137832",PCS,2,,,,"809,697"
236,,E451,SR01,Main Store,4400028995,"FORD,TD95D,FILTER ELEMENT INN 5080445",PCS,2,,,,"364,957"
237,,E451,SR01,Main Store,4400029422,"MITS,PS120,ELEMENT 044246",PCS,2,,,,90
238,,E451,SR01,Main Store,4400030074,"MEC,GNRL M,CASING POMPA KSSE 50",PCS,2,,,,"4,000,000"
239,,E451,SR01,Main Store,4400030335,"MITS,PS120,THRUST WASHER ME 015047",PCS,2,,,,50
240,,E451,SR01,Main Store,4400031461,"MEC,TYRES,TUBE 18.4 - 34",PCS,2,,,,"2,026,000"
241,,E451,SR01,Main Store,4400045361,"TYRE,TRACTOR,13.6-24",PCS,2,,,,"6,366,600"
242,,E451,SR01,Main Store,4400045365,"TYRE,TRACTOR,16.9-28",PCS,2,,,,"17,324,000"
243,,E451,SR01,Main Store,4400045369,"TYRE,TRACTOR,18.4-34",PCS,2,,,,"13,801,950"
244,,E451,SR01,Main Store,4400054882,"KUB,MX5100,GEAR BEVEL TA150-12530",PCS,2,,,,"1,721,200"
245,,E451,SR01,Main Store,4400055340,"MEC,HOSE,HOSE ASSY 1/2"" R2 60 CM",PCS,2,,,,209
246,,E451,SR01,Main Store,1600007486,"COVER CROP,SEEDS,MUCUNA BRATEATA",KG,1,,,,"1,658,000"
247,,E451,SR01,Main Store,1600015055,"GEN-ST,MW-TOOLS,APAR POWDER 2 KG",UNI,1,,,,80
248,,E451,SR01,Main Store,1600015645,"HARVT,CHISEL,DODOS MSN 5"" 12 CM",PCS,1,,,,"102,113"
249,,E451,SR01,Main Store,4400000304,"MEC,GNRL M,SARUNG TANGAN KULIT",SET,1,,,,80
250,,E451,SR01,Main Store,4400000470,"MEC,BEARING,BEARING 6309",PCS,1,,,,295
251,,E451,SR01,Main Store,4400000590,"MEC,SEAL,OIL SEAL RR DIFF DRIVE MB160949",PCS,1,,,,"63,928"
252,,E451,SR01,Main Store,4400000618,"MEC,SEAL,SEAL KIT 99100061",PCS,1,,,,"2,750,000"
253,,E451,SR01,Main Store,4400000619,"MEC,SEAL,SEAL KIT D277080002",SET,1,,,,"2,500,000"
254,,E451,SR01,Main Store,4400000622,"MEC,SEAL,SEAL KIT HYD CYLINDER 314",SET,1,,,,"1,366,666"
255,,E451,SR01,Main Store,4400000801,"MEC,VLV,BALL VALVE PVC 4""",PCS,1,,,,250
256,,E451,SR01,Main Store,4400000908,"MEC,FLTR,ELMNT FUEL FILTER ME 035829",PCS,1,,,,35
257,,E451,SR01,Main Store,4400001074,"MEC,BUSHING,BUSHING 07177-03025",PCS,1,,,,"371,75"
258,,E451,SR01,Main Store,4400002011,"MITS,PS120,COVER CLUTCH ME 500851",PCS,1,,,,"893,125"
259,,E451,SR01,Main Store,4400002449,"FORD,6640,GEAR CAR 115644",SET,1,,,,995
260,,E451,SR01,Main Store,4400002847,"KOM,GD510R,GUIDE 232-70-12430",PCS,1,,,,"166,666"
261,,E451,SR01,Main Store,4400003264,"MITS,PS120,CYL ASSY CLUTCH PWR ME602533",PCS,1,,,,"295,375"
262,,E451,SR01,Main Store,4400003431,"FORD,6640,BEARING 83992560",PCS,1,,,,300
263,,E451,SR01,Main Store,4400003846,"KOM,GD510R,GEAR 233-71-13354",PCS,1,,,,"2,600,000"
264,,E451,SR01,Main Store,4400005381,"FORD,6640,AXLE SHAFT ASSY CAR 125156",PCS,1,,,,"6,800,000"
265,,E451,SR01,Main Store,4400005608,"FORD,6640,RIM ASSY E5NN-1050-LA",PCS,1,,,,"4,859,933"
266,,E451,SR01,Main Store,4400006661,"FORD,6640,BOLT STUD CAR 3952547",PCS,1,,,,229
267,,E451,SR01,Main Store,4400006847,"MF,390,RIM 1687948 M91",PCS,1,,,,"2,900,000"
268,,E451,SR01,Main Store,4400007143,"FORD,6640,SHAFT 82014319",PCS,1,,,,842
269,,E451,SR01,Main Store,4400007334,"FORD,6640,SEAT ASSY 82013028",PCS,1,,,,"4,565,000"
270,,E451,SR01,Main Store,4400007761,"KOM,GD510R,23A-70-15180 PLATE",PCS,1,,,,160
271,,E451,SR01,Main Store,4400007979,"KOM,GD510R,JOINT 234-71-13243",PCS,1,,,,"1,500,000"
272,,E451,SR01,Main Store,4400009177,"FORD,558D,NUT HEX LOCK N620468-S7",PCS,1,,,,58
273,,E451,SR01,Main Store,4400011647,"MITS,PS120,OIL FILTER CAP MD 008784",PCS,1,,,,"84,444"
274,,E451,SR01,Main Store,4400013493,"HINO,FF173,CYL ASSY MASTER 31420-1570",PCS,1,,,,585
275,,E451,SR01,Main Store,4400013604,"MITS,PS120,CABLE ACCEL MB 390924",PCS,1,,,,"132,5"
276,,E451,SR01,Main Store,4400014860,"ELCT,LAMP,BOLA LAMPU",PCS,1,,,,"90,259"
277,,E451,SR01,Main Store,4400015779,"MEC,SEAL,SEAL SLIDE SPG 48487-1211",PCS,1,,,,396
278,,E451,SR01,Main Store,4400018474,"KUB,B700,SEAL OIL 09550-00008",PCS,1,,,,"255,091"
279,,E451,SR01,Main Store,4400018565,"KOM,GD510R,SHAFT 23A-22-11371",PCS,1,,,,"5,000,000"
280,,E451,SR01,Main Store,4400019228,"LND,LANDINI,FILTER (OIL ) 2654407",PCS,1,,,,"137,516"
281,,E451,SR01,Main Store,4400019229,"LND,LANDINI,FILTER 2654407",PCS,1,,,,120
282,,E451,SR01,Main Store,4400019368,"MITS,PS120,TIE ROD RH 25420-1600",PCS,1,,,,245
283,,E451,SR01,Main Store,4400019794,"LND,LANDINI,FUEL FILTER 26560163",PCS,1,,,,300
284,,E451,SR01,Main Store,4400021666,"MEC,SEAL,GUIDE OIL SEAL 43214-1190",PCS,1,,,,650
285,,E451,SR01,Main Store,4400026341,"MEC,GNRL M,WORM GEAR",PCS,1,,,,"11,000,000"
286,,E451,SR01,Main Store,4400026896,"TRKT,BLRS,PRESSURE DISK 50-3502036",PCS,1,,,,"7,790,000"
287,,E451,SR01,Main Store,4400027985,"HINO,FF172,CYL ASSY CLUCTH 31240-1410",PCS,1,,,,495
288,,E451,SR01,Main Store,4400028077,"HINO,FF172,CYLINDER KIT MAIN CLUTCH31409",PCS,1,,,,55
289,,E451,SR01,Main Store,4400030336,"MITS,PS120,THRUST WASHER ME 015417",PCS,1,,,,50
290,,E451,SR01,Main Store,4400030795,"KOM,GD510R,ELEMENT PWR TRAIN 07063-01054",PCS,1,,,,140
291,,E451,SR01,Main Store,4400045368,"TYRE,TRACTOR,18.4-30",PCS,1,,,,"7,062,000"
292,,E451,SR01,Main Store,4400045592,"TUBE,L300,700-14",PCS,1,,,,"123,952"
293,,E451,SR01,Main Store,4400045920,"TYRE,HILUX,265/70-16 SAVERO A/T PLUS",PCS,1,,,,"1,269,129"
294,,E451,SR01,Main Store,4400055342,"MEC,HOSE,HOSE ASSY 1/2"" R2 200 CM",PCS,1,,,,"208,841"
295,,E451,SR01,Main Store,4400056947,"MEC,HOSE,HOSE ASSY 3/8 R2 40 CM",PCS,1,,,,"70,875"
296,,E451,SR01,Main Store,4400059439,"KOM,GD511A-1,SEAL 07012-10075",PCS,1,,,,75
297,,E451,SR01,Main Store,4400059466,"KOM,GD511A-1,VLV ASYPILOT LH235-61-14500",PCS,1,,,,"19,500,000"
298,,E451,SR01,Main Store,4400059467,"KOM,GD511A-1,VLV ASYPILOT RH235-61-14600",PCS,1,,,,"23,150,000"
299,,E451,SR01,Main Store,4400059468,"KOM,GD511A-1,VLV CTRL ASY LH23A-60-12500",PCS,1,,,,"26,437,000"
300,,E451,SR01,Main Store,4400059469,"KOM,GD511A-1,VLV CTRL ASY RH23A-60-12300",PCS,1,,,,"37,350,000"
301,,E451,SR01,Main Store,4400059470,"KOM,GD511A-1,CYL ASSY MSTR 23A-43-13330",PCS,1,,,,"3,300,000"